Id,Index,OperationID,Value
number,number,number,number
1,1,1,8
2,2,1,14
3,3,1,11
4,4,1,19
5,1,2,12
6,2,2,17
7,3,2,22
8,4,2,18
9,1,3,18
10,2,3,15
11,3,3,21
12,4,3,11
13,1,4,15
14,2,4,21
15,3,4,25
16,4,4,18
17,1,5,19
18,2,5,27
19,3,5,24
20,4,5,30
21,1,6,27
22,2,6,18
23,3,6,21
24,4,6,29
25,1,7,21
26,2,7,24
27,3,7,13
28,4,7,19
29,1,8,30
30,2,8,24
31,3,8,21
32,4,8,32
33,1,9,25
34,2,9,33
35,3,9,36
36,4,9,34
37,1,10,40
38,2,10,41
39,3,10,34
40,4,10,44
41,1,11,28
42,2,11,25
43,3,11,19
44,4,11,27
45,1,12,33
46,2,12,39
47,3,12,41
48,4,12,43
49,1,13,26
50,2,13,23
51,3,13,16
52,4,13,19
53,1,14,52
54,2,14,41
55,3,14,46
56,4,14,47
57,1,15,15
58,2,15,8
59,3,15,5
60,4,15,13
61,1,16,44
62,2,16,38
63,3,16,41
64,4,16,34
65,1,17,19
66,2,17,23
67,3,17,27
68,4,17,24
69,1,18,59
70,2,18,56
71,3,18,63
72,4,18,67
73,1,19,78
74,2,19,70
75,3,19,80
76,4,19,75
77,1,20,61
78,2,20,67
79,3,20,71
80,4,20,66
81,1,21,81
82,2,21,85
83,3,21,82
84,4,21,77
85,1,22,66
86,2,22,72
87,3,22,77
88,4,22,71
89,1,23,69
90,2,23,63
91,3,23,60
92,4,23,65
93,1,24,66
94,2,24,74
95,3,24,71
96,4,24,69
97,1,25,8
98,2,25,6
99,3,25,0
100,4,25,7
101,1,26,10
102,2,26,3
103,3,26,0
104,4,26,4
105,1,27,8
106,2,27,11
107,3,27,10
108,4,27,3
109,1,28,9
110,2,28,12
111,3,28,5
112,4,28,11
113,1,29,11
114,2,29,7
115,3,29,6
116,4,29,0
117,1,30,16
118,2,30,23
119,3,30,27
120,4,30,25
121,1,31,2
122,2,31,8
123,3,31,12
124,4,31,9
125,1,32,13
126,2,32,3
127,3,32,10
128,4,32,6
129,1,33,7
130,2,33,14
131,3,33,11
132,4,33,10
133,1,34,4
134,2,34,1
135,3,34,7
136,4,34,12
137,1,35,7
138,2,35,13
139,3,35,2
140,4,35,10
141,1,36,13
142,2,36,24
143,3,36,18
144,4,36,22
145,1,37,1
146,2,37,9
147,3,37,7
148,4,37,11
149,1,38,25
150,2,38,18
151,3,38,29
152,4,38,27
153,1,39,9
154,2,39,16
155,3,39,18
156,4,39,12
157,1,40,20
158,2,40,26
159,3,40,17
160,4,40,28
161,1,41,43
162,2,41,33
163,3,41,42
164,4,41,44
165,1,42,22
166,2,42,18
167,3,42,14
168,4,42,20
169,1,43,29
170,2,43,24
171,3,43,18
172,4,43,26
173,1,44,10
174,2,44,11
175,3,44,7
176,4,44,17
177,1,45,29
178,2,45,24
179,3,45,28
180,4,45,33
181,1,46,25
182,2,46,17
183,3,46,24
184,4,46,27
185,1,47,9
186,2,47,11
187,3,47,1
188,4,47,8
189,1,48,60
190,2,48,56
191,3,48,59
192,4,48,62
193,1,49,17
194,2,49,19
195,3,49,18
196,4,49,9
197,1,50,36
198,2,50,28
199,3,50,38
200,4,50,31
201,1,51,49
202,2,51,53
203,3,51,55
204,4,51,52
205,1,52,1
206,2,52,7
207,3,52,9
208,4,52,12
209,1,53,159
210,2,53,155
211,3,53,152
212,4,53,162
213,1,54,240
214,2,54,249
215,3,54,245
216,4,54,244
217,1,55,21
218,2,55,20
219,3,55,23
220,4,55,12
221,1,56,140
222,2,56,144
223,3,56,148
224,4,56,145
225,1,57,122
226,2,57,117
227,3,57,125
228,4,57,124
229,1,58,674
230,2,58,672
231,3,58,667
232,4,58,673
233,1,59,142
234,2,59,135
235,3,59,139
236,4,59,140
237,1,60,147
238,2,60,150
239,3,60,145
240,4,60,140
241,1,61,1378
242,2,61,1368
243,3,61,1373
244,4,61,1371
245,1,62,300
246,2,62,304
247,3,62,301
248,4,62,297
249,1,63,50
250,2,63,53
251,3,63,47
252,4,63,42
253,1,64,224
254,2,64,223
255,3,64,216
256,4,64,226
257,1,65,89
258,2,65,91
259,3,65,90
260,4,65,84
261,1,66,342
262,2,66,333
263,3,66,336
264,4,66,341
265,1,67,616
266,2,67,617
267,3,67,612
268,4,67,620
269,1,68,714
270,2,68,709
271,3,68,715
272,4,68,705
273,1,69,3819
274,2,69,3828
275,3,69,3822
276,4,69,3829
277,1,70,7650
278,2,70,7661
279,3,70,7657
280,4,70,7654
281,1,71,472
282,2,71,462
283,3,71,466
284,4,71,470
285,1,72,1275
286,2,72,1273
287,3,72,1269
288,4,72,1277
289,1,73,5
290,2,73,7
291,3,73,2
292,4,73,8
293,1,74,6
294,2,74,15
295,3,74,13
296,4,74,11
297,1,75,6
298,2,75,14
299,3,75,13
300,4,75,3
301,1,76,16
302,2,76,9
303,3,76,10
304,4,76,5
305,1,77,3
306,2,77,7
307,3,77,10
308,4,77,14
309,1,78,15
310,2,78,9
311,3,78,16
312,4,78,20
313,1,79,7
314,2,79,16
315,3,79,18
316,4,79,11
317,1,80,11
318,2,80,9
319,3,80,4
320,4,80,13
321,1,81,16
322,2,81,9
323,3,81,15
324,4,81,18
325,1,82,27
326,2,82,22
327,3,82,17
328,4,82,25
329,1,83,5
330,2,83,1
331,3,83,11
332,4,83,4
333,1,84,18
334,2,84,23
335,3,84,22
336,4,84,14
337,1,85,35
338,2,85,36
339,3,85,37
340,4,85,31
341,1,86,10
342,2,86,15
343,3,86,14
344,4,86,20
345,1,87,8
346,2,87,17
347,3,87,11
348,4,87,18
349,1,88,5
350,2,88,2
351,3,88,7
352,4,88,13
353,1,89,36
354,2,89,40
355,3,89,29
356,4,89,32
357,1,90,50
358,2,90,46
359,3,90,42
360,4,90,52
361,1,91,16
362,2,91,11
363,3,91,20
364,4,91,15
365,1,92,51
366,2,92,52
367,3,92,53
368,4,92,48
369,1,93,87
370,2,93,81
371,3,93,90
372,4,93,89
373,1,94,46
374,2,94,54
375,3,94,50
376,4,94,52
377,1,95,62
378,2,95,58
379,3,95,68
380,4,95,63
381,1,96,85
382,2,96,93
383,3,96,89
384,4,96,92
